Workbook

Sheet Recap
A1: Avancement | B1: ='avancement projet'!D2 -> 0.098360656
A3: Qui | B3: Somme de Estimation
A4: RAKOTO | B4: 270
A5: RASOA | B5: 35
A6: (vide)
A7: Total Résultat | B7: 305

Sheet liste des taches
A1: Ligne | B1: Catégorie | C1: Module | D1: Nom page | E1: Description | F1: Type | G1: Estimation | H1: Temps passé | I1: Reste à faire | J1: Avancement | K1: Qui | L1: Status
A2: 1 | B2: Web | C2: Login | D2: index.php | E2: Création html | F2: Affichage | G2: 30 | H2: =detail!B2 -> 20 | I2: =G2-H2 -> 10 | J2: =(H2/(H2+I2)) -> 0.66666667 | K2: RAKOTO
A3: 2 | B3: Web | C3: Login | D3: index.php | E3: Design css | F3: Affichage | G3: 30 | H3: =detail!B3 -> 0 | I3: =G3-H3 -> 30 | J3: =(H3/(H3+I3)) -> 0 | K3: RAKOTO
A4: 3 | B4: Web | C4: Login | D4: fonctions.php | E4: checkLogin | F4: Fonction | G4: 15 | H4: =detail!B4 -> 10 | I4: =G4-H4 -> 5 | J4: =(H4/(H4+I4)) -> 0.66666667 | K4: RASOA
A5: 4 | B5: Web | C5: Login | D5: index.php | E5: table login | F5: Base | G5: 10 | H5: =detail!B5 -> 0 | I5: =G5-H5 -> 10 | J5: =(H5/(H5+I5)) -> 0 | K5: RASOA
A6: 5 | B6: Web | C6: Login | D6: index.php | E6: données test | F6: Base | G6: 10 | H6: =detail!B6 -> 0 | I6: =G6-H6 -> 10 | J6: =(H6/(H6+I6)) -> 0 | K6: RASOA
A7: 6 | B7: Web | C7: Login | D7: traitement-login.php | E7: fonctionnement login | F7: Code intégration | G7: 30 | H7: =detail!B7 -> 0 | I7: =G7-H7 -> 30 | J7: =(H7/(H7+I7)) -> 0 | K7: RAKOTO
A8: 7 | B8: Mobile | C8: dashboard | G8: 180 | H8: =detail!B8 -> 0 | I8: =G8-H8 -> 180 | J8: =(H8/(H8+I8)) -> 0 | K8: RAKOTO

Sheet avancement projet
A1: estimation total | B1: temps passé total | C1: reste à faire total | D1: avancement | E1: dépassement
A2: =SUM('liste des taches'!G2:G329) -> 305 | B2: =SUM('liste des taches'!H2:H329) -> 30 | C2: =SUM('liste des taches'!I2:I329) -> 275 | D2: =(B2/(B2+C2)) -> 0.098360656 | E2: =((B2+C2)-A2)/A2 -> 0
C3: =C2/60 -> 4.5833333 | D3: heure

Sheet detail
A1: Ligne | B1: Total | C1: 46048 | D1: 46049 | E1: 46050
A2: 1 | B2: =SUM(D2:P2) -> 20 | D2: 20
A3: 2 | B3: =SUM(D3:P3) -> 0
A4: 3 | B4: =SUM(D4:P4) -> 10 | C4: 20 | D4: 10
A5: 4 | B5: =SUM(D5:P5) -> 0
A6: 5 | B6: =SUM(D6:P6) -> 0
A7: 6 | B7: =SUM(D7:P7) -> 0
A8: 7 | B8: =SUM(D8:P8) -> 0
